<?xml version='1.0' encoding='UTF-8'?>
<loggingConfig>
	<appenders>
        <iLogAppenderFactory name="file_perf" class='com.ataccama.dqc.commons.logging.factories.JDKHandledLogAppenderFactory'>
            <handler class='com.ataccama.dqc.commons.logging.handlers.FileHandlerInfo'>
                <pattern>../../../../../OmniGenData/logs/dq/merging_perf_%g.log</pattern>
                <limit>10000000</limit>
                <count>4</count>
                <append>true</append>
                <formatter class='com.ataccama.dqc.commons.logging.handlers.XMLFormatterInfo'/>
            </handler>
        </iLogAppenderFactory>
        <iLogAppenderFactory name="file_err" class='com.ataccama.dqc.commons.logging.factories.JDKHandledLogAppenderFactory'>
            <handler class='com.ataccama.dqc.commons.logging.handlers.FileHandlerInfo'>
                <pattern>../../../../../OmniGenData/logs/dq/merging_err_%g.log</pattern>
                <limit>10000000</limit>
                <count>2</count>
                <append>true</append>
                <formatter class='com.ataccama.dqc.commons.logging.handlers.XMLFormatterInfo'/>
            </handler>
        </iLogAppenderFactory>
        <iLogAppenderFactory useStdErr="false" name="stdout" class='com.ataccama.dqc.commons.logging.factories.StdOutLogAppenderFactory'/>
 
        <iLogAppenderFactory name="file_stdout" class='com.ataccama.dqc.commons.logging.factories.JDKHandledLogAppenderFactory'>
            <handler class='com.ataccama.dqc.commons.logging.handlers.FileHandlerInfo'>
                <pattern>../../../../../OmniGenData/logs/dq/merging_online_%g.log</pattern>
                <limit>10000000</limit>
                <count>4</count>
                <append>true</append>
                <formatter class='com.ataccama.dqc.commons.logging.handlers.SimpleFormatterInfo'/>
            </handler>
        </iLogAppenderFactory>
        <!--
         -->
	</appenders>
	<loggingRules>
        <loggingRule level="INFO" appender="stdout">
            <trace>
            </trace>
        </loggingRule>
		<loggingRule level="WARNING" appender="file_err">
			<trace>
			</trace>
		</loggingRule>
		<loggingRule level="DEBUG" appender="file_perf">
			<trace>
			<string>HttpDispatcher</string>
			</trace>
		</loggingRule>		
 
		<loggingRule level="INFO" appender="file_stdout">
			<trace>
			</trace>
		</loggingRule>
<!--
 -->
	</loggingRules>
</loggingConfig>